Date,BNB-USD
2017-11-09,1.9907699823379517
2017-11-10,1.796839952468872
2017-11-11,1.6704699993133545
2017-11-12,1.5196900367736816
2017-11-13,1.6866199970245361
2017-11-14,1.592579960823059
2017-11-15,1.5304499864578247
2017-11-16,1.5779199600219727
2017-11-17,1.5103600025177002
2017-11-18,1.6743299961090088
2017-11-19,1.6137700080871582
2017-11-20,1.6244499683380127
2017-11-21,1.5740599632263184
2017-11-22,1.6117500066757202
2017-11-23,1.548699975013733
2017-11-24,1.717710018157959
2017-11-25,1.8738700151443481
2017-11-26,1.8531299829483032
2017-11-27,1.9429800510406494
2017-11-28,1.9171099662780762
2017-11-29,1.7515300512313843
2017-11-30,1.9969700574874878
2017-12-01,2.070230007171631
2017-12-02,2.084160089492798
2017-12-03,2.227250099182129
2017-12-04,2.4916799068450928
2017-12-05,2.5952999591827393
2017-12-06,2.5876901149749756
2017-12-07,2.779949903488159
2017-12-08,2.830670118331909
2017-12-09,2.6104300022125244
2017-12-10,2.483370065689087
2017-12-11,2.7066500186920166
2017-12-12,2.6847500801086426
2017-12-13,2.77810001373291
2017-12-14,3.1587400436401367
2017-12-15,3.996150016784668
2017-12-16,4.664649963378906
2017-12-17,5.756720066070557
2017-12-18,5.61584997177124
2017-12-19,5.792329788208008
2017-12-20,5.176209926605225
2017-12-21,5.180009841918945
2017-12-22,4.336150169372559
2017-12-23,4.839260101318359
2017-12-24,5.285679817199707
2017-12-25,6.560009956359863
2017-12-26,9.029419898986816
2017-12-27,10.107000350952148
2017-12-28,9.321410179138184
2017-12-29,8.807600021362305
2017-12-30,7.841010093688965
2017-12-31,8.635580062866211
2018-01-01,8.414609909057617
2018-01-02,8.837770462036133
2018-01-03,9.535880088806152
2018-01-04,9.213990211486816
2018-01-05,14.917200088500977
2018-01-06,22.75979995727539
2018-01-07,18.65679931640625
2018-01-08,18.260900497436523
2018-01-09,17.411800384521484
2018-01-10,17.39080047607422
2018-01-11,21.042699813842773
2018-01-12,22.316299438476562
2018-01-13,22.174400329589844
2018-01-14,20.777299880981445
2018-01-15,19.564699172973633
2018-01-16,13.891900062561035
2018-01-17,14.203200340270996
2018-01-18,14.280400276184082
2018-01-19,14.940600395202637
2018-01-20,16.19029998779297
2018-01-21,14.068300247192383
2018-01-22,13.014599800109863
2018-01-23,13.093500137329102
2018-01-24,13.628700256347656
2018-01-25,13.228400230407715
2018-01-26,13.218199729919434
2018-01-27,13.253000259399414
2018-01-28,13.540200233459473
2018-01-29,12.76449966430664
2018-01-30,11.250699996948242
2018-01-31,11.145000457763672
2018-02-01,9.515839576721191
2018-02-02,9.652290344238281
2018-02-03,9.749679565429688
2018-02-04,8.458640098571777
2018-02-05,6.7050299644470215
2018-02-06,8.288849830627441
2018-02-07,8.095009803771973
2018-02-08,8.595499992370605
2018-02-09,9.730460166931152
2018-02-10,9.255970001220703
2018-02-11,8.704910278320312
2018-02-12,9.322469711303711
2018-02-13,8.986780166625977
2018-02-14,10.40060043334961
2018-02-15,10.931099891662598
2018-02-16,11.201600074768066
2018-02-17,11.689299583435059
2018-02-18,10.702400207519531
2018-02-19,11.075699806213379
2018-02-20,9.904509544372559
2018-02-21,9.380789756774902
2018-02-22,8.904029846191406
2018-02-23,9.692110061645508
2018-02-24,9.1419095993042
2018-02-25,9.346599578857422
2018-02-26,9.90231990814209
2018-02-27,10.659899711608887
2018-02-28,10.438199996948242
2018-03-01,10.509699821472168
2018-03-02,10.224800109863281
2018-03-03,10.217900276184082
2018-03-04,10.348099708557129
2018-03-05,10.11050033569336
2018-03-06,9.384380340576172
2018-03-07,9.034879684448242
2018-03-08,8.310440063476562
2018-03-09,8.313070297241211
2018-03-10,7.67165994644165
2018-03-11,8.272379875183105
2018-03-12,8.039270401000977
2018-03-13,10.11520004272461
2018-03-14,8.959210395812988
2018-03-15,9.099080085754395
2018-03-16,9.111319541931152
2018-03-17,8.987739562988281
2018-03-18,8.951849937438965
2018-03-19,8.9927396774292
2018-03-20,9.160929679870605
2018-03-21,9.982000350952148
2018-03-22,10.066300392150879
2018-03-23,11.737600326538086
2018-03-24,13.089099884033203
2018-03-25,12.783100128173828
2018-03-26,12.061400413513184
2018-03-27,11.508299827575684
2018-03-28,11.640399932861328
2018-03-29,10.196100234985352
2018-03-30,10.3503999710083
2018-03-31,11.055899620056152
2018-04-01,11.066200256347656
2018-04-02,12.620699882507324
2018-04-03,13.360699653625488
2018-04-04,12.190400123596191
2018-04-05,12.45359992980957
2018-04-06,12.258399963378906
2018-04-07,12.455699920654297
2018-04-08,12.117600440979004
2018-04-09,11.868300437927246
2018-04-10,12.036199569702148
2018-04-11,12.230899810791016
2018-04-12,12.952500343322754
2018-04-13,13.536800384521484
2018-04-14,13.244400024414062
2018-04-15,13.058799743652344
2018-04-16,12.210000038146973
2018-04-17,11.769399642944336
2018-04-18,12.275699615478516
2018-04-19,12.35260009765625
2018-04-20,12.575200080871582
2018-04-21,13.378399848937988
2018-04-22,12.875900268554688
2018-04-23,13.625300407409668
2018-04-24,15.265999794006348
2018-04-25,13.290900230407715
2018-04-26,14.653599739074707
2018-04-27,14.329099655151367
2018-04-28,15.20009994506836
2018-04-29,15.05620002746582
2018-04-30,14.312100410461426
2018-05-01,14.164299964904785
2018-05-02,14.409199714660645
2018-05-03,14.652600288391113
2018-05-04,14.329500198364258
2018-05-05,14.36870002746582
2018-05-06,13.94260025024414
2018-05-07,13.702500343322754
2018-05-08,13.529000282287598
2018-05-09,14.660200119018555
2018-05-10,13.818400382995605
2018-05-11,12.993900299072266
2018-05-12,12.943900108337402
2018-05-13,13.11870002746582
2018-05-14,12.870699882507324
2018-05-15,12.56779956817627
2018-05-16,12.260499954223633
2018-05-17,12.46500015258789
2018-05-18,15.13539981842041
2018-05-19,14.245699882507324
2018-05-20,14.117799758911133
2018-05-21,14.722299575805664
2018-05-22,13.92549991607666
2018-05-23,12.626199722290039
2018-05-24,13.000300407409668
2018-05-25,13.008000373840332
2018-05-26,12.759099960327148
2018-05-27,12.605799674987793
2018-05-28,11.89430046081543
2018-05-29,12.571700096130371
2018-05-30,12.570899963378906
2018-05-31,14.190199851989746
2018-06-01,14.240799903869629
2018-06-02,14.679699897766113
2018-06-03,14.565999984741211
2018-06-04,14.261099815368652
2018-06-05,15.599300384521484
2018-06-06,17.247499465942383
2018-06-07,16.263099670410156
2018-06-08,16.273799896240234
2018-06-09,15.963199615478516
2018-06-10,14.184200286865234
2018-06-11,15.383500099182129
2018-06-12,15.226200103759766
2018-06-13,14.589099884033203
2018-06-14,14.895299911499023
2018-06-15,15.048100471496582
2018-06-16,15.809200286865234
2018-06-17,16.578800201416016
2018-06-18,16.87969970703125
2018-06-19,16.699600219726562
2018-06-20,16.061899185180664
2018-06-21,17.053300857543945
2018-06-22,15.593899726867676
2018-06-23,15.551199913024902
2018-06-24,14.447600364685059
2018-06-25,14.920900344848633
2018-06-26,14.119999885559082
2018-06-27,14.050100326538086
2018-06-28,14.124600410461426
2018-06-29,14.508600234985352
2018-06-30,14.657299995422363
2018-07-01,14.40410041809082
2018-07-02,14.570599555969238
2018-07-03,14.171500205993652
2018-07-04,14.005499839782715
2018-07-05,13.850500106811523
2018-07-06,13.529600143432617
2018-07-07,14.404800415039062
2018-07-08,13.991900444030762
2018-07-09,13.66450023651123
2018-07-10,12.761300086975098
2018-07-11,12.704899787902832
2018-07-12,12.070599555969238
2018-07-13,12.180100440979004
2018-07-14,12.096500396728516
2018-07-15,12.28909969329834
2018-07-16,13.237299919128418
2018-07-17,13.712800025939941
2018-07-18,12.864800453186035
2018-07-19,12.918000221252441
2018-07-20,12.070899963378906
2018-07-21,12.18529987335205
2018-07-22,12.11989974975586
2018-07-23,12.01990032196045
2018-07-24,12.145099639892578
2018-07-25,12.939399719238281
2018-07-26,13.397299766540527
2018-07-27,13.922699928283691
2018-07-28,14.601699829101562
2018-07-29,14.021200180053711
2018-07-30,13.216899871826172
2018-07-31,13.775400161743164
2018-08-01,13.57390022277832
2018-08-02,14.176899909973145
2018-08-03,14.134599685668945
2018-08-04,13.842399597167969
2018-08-05,13.623200416564941
2018-08-06,13.69909954071045
2018-08-07,13.146100044250488
2018-08-08,12.143699645996094
2018-08-09,12.857999801635742
2018-08-10,12.130800247192383
2018-08-11,11.736599922180176
2018-08-12,11.741800308227539
2018-08-13,10.22819995880127
2018-08-14,9.420109748840332
2018-08-15,9.46300983428955
2018-08-16,9.802330017089844
2018-08-17,10.867799758911133
2018-08-18,9.907580375671387
2018-08-19,10.156200408935547
2018-08-20,9.700929641723633
2018-08-21,9.714630126953125
2018-08-22,9.539730072021484
2018-08-23,9.71504020690918
2018-08-24,10.234700202941895
2018-08-25,10.1358003616333
2018-08-26,10.185600280761719
2018-08-27,11.212800025939941
2018-08-28,11.486100196838379
2018-08-29,11.173500061035156
2018-08-30,10.76259994506836
2018-08-31,11.013799667358398
2018-09-01,11.379400253295898
2018-09-02,11.299400329589844
2018-09-03,11.261099815368652
2018-09-04,11.359199523925781
2018-09-05,10.086600303649902
2018-09-06,10.284199714660645
2018-09-07,10.037300109863281
2018-09-08,9.520079612731934
2018-09-09,9.512630462646484
2018-09-10,9.524869918823242
2018-09-11,9.3739595413208
2018-09-12,9.21442985534668
2018-09-13,9.604060173034668
2018-09-14,9.930049896240234
2018-09-15,10.110300064086914
2018-09-16,9.936019897460938
2018-09-17,9.40526008605957
2018-09-18,9.544059753417969
2018-09-19,9.61909008026123
2018-09-20,10.07450008392334
2018-09-21,10.410799980163574
2018-09-22,10.244999885559082
2018-09-23,10.280599594116211
2018-09-24,10.035900115966797
2018-09-25,9.783160209655762
2018-09-26,9.7366304397583
2018-09-27,10.031200408935547
2018-09-28,9.969340324401855
2018-09-29,9.999139785766602
2018-09-30,10.017800331115723
2018-10-01,9.943659782409668
2018-10-02,10.356800079345703
2018-10-03,10.271200180053711
2018-10-04,10.255599975585938
2018-10-05,10.636199951171875
2018-10-06,10.372099876403809
2018-10-07,10.519000053405762
2018-10-08,10.506600379943848
2018-10-09,10.384900093078613
2018-10-10,10.32800006866455
2018-10-11,9.30132007598877
2018-10-12,9.528940200805664
2018-10-13,9.540360450744629
2018-10-14,9.496740341186523
2018-10-15,10.316100120544434
2018-10-16,10.010899543762207
2018-10-17,9.904470443725586
2018-10-18,9.716580390930176
2018-10-19,9.76675033569336
2018-10-20,9.754630088806152
2018-10-21,9.743300437927246
2018-10-22,9.726849555969238
2018-10-23,9.803079605102539
2018-10-24,9.745320320129395
2018-10-25,9.692279815673828
2018-10-26,9.702679634094238
2018-10-27,9.654450416564941
2018-10-28,9.666790008544922
2018-10-29,9.402620315551758
2018-10-30,9.387040138244629
2018-10-31,9.364959716796875
2018-11-01,9.549220085144043
2018-11-02,9.573080062866211
2018-11-03,9.5302095413208
2018-11-04,9.62753963470459
2018-11-05,9.672510147094727
2018-11-06,9.780810356140137
2018-11-07,9.816929817199707
2018-11-08,9.65095043182373
2018-11-09,9.554200172424316
2018-11-10,9.557519912719727
2018-11-11,9.465999603271484
2018-11-12,9.361220359802246
2018-11-13,9.24841022491455
2018-11-14,8.407010078430176
2018-11-15,8.184860229492188
2018-11-16,7.884479999542236
2018-11-17,7.718200206756592
2018-11-18,7.999760150909424
2018-11-19,6.632090091705322
2018-11-20,5.760210037231445
2018-11-21,6.199049949645996
2018-11-22,5.755549907684326
2018-11-23,5.557429790496826
2018-11-24,5.1152801513671875
2018-11-25,5.180580139160156
2018-11-26,4.926449775695801
2018-11-27,4.913050174713135
2018-11-28,5.3369598388671875
2018-11-29,5.346632957458496
2018-11-30,5.078571796417236
2018-12-01,5.288722991943359
2018-12-02,5.250417232513428
2018-12-03,5.109251022338867
2018-12-04,5.880791187286377
2018-12-05,5.984278202056885
2018-12-06,4.951686859130859
2018-12-07,4.528649806976318
2018-12-08,4.700417995452881
2018-12-09,4.859104156494141
2018-12-10,4.712263107299805
2018-12-11,4.940698146820068
2018-12-12,5.023137092590332
2018-12-13,4.6507039070129395
2018-12-14,4.5333571434021
2018-12-15,4.56301212310791
2018-12-16,4.645257949829102
2018-12-17,5.110016822814941
2018-12-18,5.600269794464111
2018-12-19,5.49190092086792
2018-12-20,5.792256832122803
2018-12-21,5.56714391708374
2018-12-22,5.930578231811523
2018-12-23,6.0590081214904785
2018-12-24,6.144924163818359
2018-12-25,5.547574996948242
2018-12-26,5.713105201721191
2018-12-27,5.275450229644775
2018-12-28,6.0118279457092285
2018-12-29,5.832339763641357
2018-12-30,5.995710849761963
2018-12-31,6.164731979370117
2019-01-01,6.075273036956787
2019-01-02,6.188612937927246
2019-01-03,5.903534889221191
2019-01-04,6.06513786315918
2019-01-05,6.065543174743652
2019-01-06,6.395978927612305
2019-01-07,6.29141092300415
2019-01-08,6.640054225921631
2019-01-09,6.641550064086914
2019-01-10,5.915918827056885
2019-01-11,6.075342178344727
2019-01-12,5.976964950561523
2019-01-13,5.568757057189941
2019-01-14,6.159282207489014
2019-01-15,5.919047832489014
2019-01-16,6.186014175415039
2019-01-17,6.417831897735596
2019-01-18,6.563039779663086
2019-01-19,6.635448932647705
2019-01-20,6.493868827819824
2019-01-21,6.553024768829346
2019-01-22,6.523199081420898
2019-01-23,6.5414018630981445
2019-01-24,6.505792140960693
2019-01-25,6.737325191497803
2019-01-26,7.006565093994141
2019-01-27,7.088199138641357
2019-01-28,6.20618200302124
2019-01-29,6.181670188903809
2019-01-30,6.174529075622559
2019-01-31,6.268435955047607
2019-02-01,6.56261682510376
2019-02-02,6.891695022583008
2019-02-03,6.738164901733398
2019-02-04,7.100500106811523
2019-02-05,7.819809913635254
2019-02-06,8.086174011230469
2019-02-07,7.730325222015381
2019-02-08,8.575567245483398
2019-02-09,8.871356964111328
2019-02-10,9.211540222167969
2019-02-11,9.551809310913086
2019-02-12,9.341780662536621
2019-02-13,8.941073417663574
2019-02-14,8.782048225402832
2019-02-15,9.273832321166992
2019-02-16,9.129250526428223
2019-02-17,9.216046333312988
2019-02-18,9.634435653686523
2019-02-19,10.563077926635742
2019-02-20,10.966055870056152
2019-02-21,10.492892265319824
2019-02-22,10.837115287780762
2019-02-23,10.781801223754883
2019-02-24,10.113093376159668
2019-02-25,9.842012405395508
2019-02-26,9.521595001220703
2019-02-27,9.899131774902344
2019-02-28,10.365178108215332
2019-03-01,11.393217086791992
2019-03-02,11.869744300842285
2019-03-03,11.53790283203125
2019-03-04,11.545945167541504
2019-03-05,13.811966896057129
2019-03-06,14.517946243286133
2019-03-07,15.145886421203613
2019-03-08,14.366935729980469
2019-03-09,14.565878868103027
2019-03-10,14.494439125061035
2019-03-11,14.514413833618164
2019-03-12,15.40613079071045
2019-03-13,15.115123748779297
2019-03-14,15.051103591918945
2019-03-15,15.077101707458496
2019-03-16,16.11901092529297
2019-03-17,15.76114559173584
2019-03-18,15.682011604309082
2019-03-19,15.693594932556152
2019-03-20,15.280022621154785
2019-03-21,14.517393112182617
2019-03-22,15.266424179077148
2019-03-23,15.235995292663574
2019-03-24,17.285356521606445
2019-03-25,16.841007232666016
2019-03-26,16.335664749145508
2019-03-27,16.781343460083008
2019-03-28,16.805330276489258
2019-03-29,16.510141372680664
2019-03-30,16.932212829589844
2019-03-31,17.401670455932617
2019-04-01,17.950502395629883
2019-04-02,19.789783477783203
2019-04-03,18.753063201904297
2019-04-04,19.142688751220703
2019-04-05,19.453466415405273
2019-04-06,19.115629196166992
2019-04-07,19.110271453857422
2019-04-08,18.11370277404785
2019-04-09,18.4350528717041
2019-04-10,18.248579025268555
2019-04-11,17.70047950744629
2019-04-12,18.43427085876465
2019-04-13,18.719797134399414
2019-04-14,19.492019653320312
2019-04-15,19.40242576599121
2019-04-16,19.827455520629883
2019-04-17,19.603349685668945
2019-04-18,22.03847885131836
2019-04-19,24.47528076171875
2019-04-20,25.00752830505371
2019-04-21,24.193828582763672
2019-04-22,23.908109664916992
2019-04-23,22.87626075744629
2019-04-24,23.12906837463379
2019-04-25,22.243106842041016
2019-04-26,22.869428634643555
2019-04-27,22.34158706665039
2019-04-28,22.89933967590332
2019-04-29,21.705066680908203
2019-04-30,22.127836227416992
2019-05-01,21.95362091064453
2019-05-02,23.591930389404297
2019-05-03,23.7496280670166
2019-05-04,22.88483238220215
2019-05-05,23.01995277404785
2019-05-06,22.206634521484375
2019-05-07,20.864179611206055
2019-05-08,20.752676010131836
2019-05-09,18.82835578918457
2019-05-10,19.598108291625977
2019-05-11,21.049442291259766
2019-05-12,20.830297470092773
2019-05-13,23.81102752685547
2019-05-14,23.626419067382812
2019-05-15,26.894939422607422
2019-05-16,26.3258056640625
2019-05-17,25.682571411132812
2019-05-18,28.396793365478516
2019-05-19,29.412843704223633
2019-05-20,29.305387496948242
2019-05-21,32.00737762451172
2019-05-22,31.422042846679688
2019-05-23,31.515735626220703
2019-05-24,33.841392517089844
2019-05-25,35.0531005859375
2019-05-26,34.10485076904297
2019-05-27,33.68067932128906
2019-05-28,33.36094665527344
2019-05-29,33.744354248046875
2019-05-30,32.29106521606445
2019-05-31,32.748165130615234
2019-06-01,33.013648986816406
2019-06-02,33.174049377441406
2019-06-03,31.391956329345703
2019-06-04,29.380624771118164
2019-06-05,31.006263732910156
2019-06-06,31.480104446411133
2019-06-07,31.587482452392578
2019-06-08,32.066322326660156
2019-06-09,30.558286666870117
2019-06-10,32.064727783203125
2019-06-11,32.262657165527344
2019-06-12,34.68638610839844
2019-06-13,35.14314270019531
2019-06-14,33.07638168334961
2019-06-15,32.825862884521484
2019-06-16,32.40272521972656
2019-06-17,33.917877197265625
2019-06-18,34.339508056640625
2019-06-19,35.28719711303711
2019-06-20,36.7260627746582
2019-06-21,38.81591796875
2019-06-22,37.79975509643555
2019-06-23,37.134727478027344
2019-06-24,37.43363952636719
2019-06-25,36.0082893371582
2019-06-26,35.69831085205078
2019-06-27,33.82358932495117
2019-06-28,34.549739837646484
2019-06-29,35.360107421875
2019-06-30,32.442481994628906
2019-07-01,32.922298431396484
2019-07-02,32.00923538208008
2019-07-03,32.66749954223633
2019-07-04,32.89332580566406
2019-07-05,32.713165283203125
2019-07-06,32.530941009521484
2019-07-07,33.24106216430664
2019-07-08,33.46968078613281
2019-07-09,32.70764923095703
2019-07-10,31.47737693786621
2019-07-11,29.641971588134766
2019-07-12,31.6943302154541
2019-07-13,31.506933212280273
2019-07-14,28.92428207397461
2019-07-15,28.393447875976562
2019-07-16,25.525009155273438
2019-07-17,27.219600677490234
2019-07-18,28.92281150817871
2019-07-19,29.078393936157227
2019-07-20,30.872243881225586
2019-07-21,30.519542694091797
2019-07-22,30.634586334228516
2019-07-23,29.585195541381836
2019-07-24,29.16371726989746
2019-07-25,29.002431869506836
2019-07-26,28.979188919067383
2019-07-27,27.8856258392334
2019-07-28,27.83517074584961
2019-07-29,27.203271865844727
2019-07-30,26.942304611206055
2019-07-31,27.64455795288086
2019-08-01,28.773273468017578
2019-08-02,28.038482666015625
2019-08-03,27.889860153198242
2019-08-04,27.556161880493164
2019-08-05,28.011878967285156
2019-08-06,27.63808822631836
2019-08-07,29.354368209838867
2019-08-08,30.83284568786621
2019-08-09,29.96147346496582
2019-08-10,29.68185806274414
2019-08-11,30.057254791259766
2019-08-12,30.166881561279297
2019-08-13,29.466278076171875
2019-08-14,27.105581283569336
2019-08-15,28.043447494506836
2019-08-16,27.64457130432129
2019-08-17,27.48052215576172
2019-08-18,27.932445526123047
2019-08-19,28.809003829956055
2019-08-20,28.167490005493164
2019-08-21,26.993715286254883
2019-08-22,27.089191436767578
2019-08-23,27.170530319213867
2019-08-24,26.495662689208984
2019-08-25,26.131847381591797
2019-08-26,26.10832977294922
2019-08-27,25.68897819519043
2019-08-28,23.70286750793457
2019-08-29,21.889606475830078
2019-08-30,22.218856811523438
2019-08-31,21.265914916992188
2019-09-01,21.56867027282715
2019-09-02,22.767133712768555
2019-09-03,22.51453971862793
2019-09-04,21.796308517456055
2019-09-05,22.761098861694336
2019-09-06,22.153148651123047
2019-09-07,22.54897689819336
2019-09-08,22.561689376831055
2019-09-09,22.287389755249023
2019-09-10,21.911144256591797
2019-09-11,20.899320602416992
2019-09-12,20.922277450561523
2019-09-13,20.887466430664062
2019-09-14,21.071584701538086
2019-09-15,20.598939895629883
2019-09-16,20.39851188659668
2019-09-17,21.005367279052734
2019-09-18,22.255443572998047
2019-09-19,21.614601135253906
2019-09-20,21.371471405029297
2019-09-21,21.08218002319336
2019-09-22,20.525558471679688
2019-09-23,19.485477447509766
2019-09-24,16.067689895629883
2019-09-25,16.258373260498047
2019-09-26,15.459808349609375
2019-09-27,15.790263175964355
2019-09-28,15.851419448852539
2019-09-29,15.305100440979004
2019-09-30,15.862674713134766
2019-10-01,15.903210639953613
2019-10-02,15.950048446655273
2019-10-03,15.726759910583496
2019-10-04,15.75511360168457
2019-10-05,15.723580360412598
2019-10-06,15.348979949951172
2019-10-07,16.13434600830078
2019-10-08,16.108192443847656
2019-10-09,17.80657958984375
2019-10-10,17.57115364074707
2019-10-11,16.709531784057617
2019-10-12,17.27790641784668
2019-10-13,18.308025360107422
2019-10-14,18.4594783782959
2019-10-15,18.544652938842773
2019-10-16,17.840049743652344
2019-10-17,18.570268630981445
2019-10-18,18.254192352294922
2019-10-19,18.288545608520508
2019-10-20,18.437923431396484
2019-10-21,18.30554962158203
2019-10-22,18.195602416992188
2019-10-23,16.71117401123047
2019-10-24,16.891572952270508
2019-10-25,18.616058349609375
2019-10-26,18.88970375061035
2019-10-27,19.345645904541016
2019-10-28,19.758319854736328
2019-10-29,20.47710609436035
2019-10-30,20.086950302124023
2019-10-31,20.000232696533203
2019-11-01,20.021501541137695
2019-11-02,20.26699447631836
2019-11-03,20.206045150756836
2019-11-04,20.73798179626465
2019-11-05,20.724674224853516
2019-11-06,20.817922592163086
2019-11-07,20.646936416625977
2019-11-08,19.690773010253906
2019-11-09,19.73544692993164
2019-11-10,20.48175811767578
2019-11-11,20.133140563964844
2019-11-12,20.857446670532227
2019-11-13,21.250431060791016
2019-11-14,21.264699935913086
2019-11-15,20.316225051879883
2019-11-16,20.28265380859375
2019-11-17,20.260793685913086
2019-11-18,19.316869735717773
2019-11-19,18.703298568725586
2019-11-20,18.172273635864258
2019-11-21,16.84021759033203
2019-11-22,15.581703186035156
2019-11-23,16.41950035095215
2019-11-24,15.278764724731445
2019-11-25,15.267363548278809
2019-11-26,15.527255058288574
2019-11-27,16.09828758239746
2019-11-28,15.683206558227539
2019-11-29,16.273303985595703
2019-11-30,15.715950965881348
2019-12-01,15.496335983276367
2019-12-02,15.191858291625977
2019-12-03,15.309556007385254
2019-12-04,15.279977798461914
2019-12-05,15.762839317321777
2019-12-06,15.711298942565918
2019-12-07,15.667085647583008
2019-12-08,15.67452335357666
2019-12-09,15.448538780212402
2019-12-10,14.958869934082031
2019-12-11,14.82455062866211
2019-12-12,14.818166732788086
2019-12-13,14.878744125366211
2019-12-14,14.50501537322998
2019-12-15,14.490446090698242
2019-12-16,13.558786392211914
2019-12-17,12.386940956115723
2019-12-18,13.535260200500488
2019-12-19,13.445778846740723
2019-12-20,13.570778846740723
2019-12-21,13.380659103393555
2019-12-22,13.835881233215332
2019-12-23,13.369033813476562
2019-12-24,13.444570541381836
2019-12-25,13.17483901977539
2019-12-26,13.208636283874512
2019-12-27,13.362719535827637
2019-12-28,13.705416679382324
2019-12-29,14.150045394897461
2019-12-30,13.947442054748535
2019-12-31,13.727642059326172
2020-01-01,13.689083099365234
2020-01-02,13.027010917663574
2020-01-03,13.660451889038086
2020-01-04,13.891511917114258
2020-01-05,14.111019134521484
2020-01-06,14.957807540893555
2020-01-07,15.009249687194824
2020-01-08,14.602933883666992
2020-01-09,14.498313903808594
2020-01-10,15.025826454162598
2020-01-11,14.946328163146973
2020-01-12,15.322083473205566
2020-01-13,15.227272033691406
2020-01-14,16.626121520996094
2020-01-15,17.65481185913086
2020-01-16,17.076946258544922
2020-01-17,18.13519859313965
2020-01-18,17.82391929626465
2020-01-19,17.369253158569336
2020-01-20,17.325275421142578
2020-01-21,18.127666473388672
2020-01-22,17.79836082458496
2020-01-23,17.021404266357422
2020-01-24,17.047409057617188
2020-01-25,16.976106643676758
2020-01-26,17.43863296508789
2020-01-27,17.691341400146484
2020-01-28,18.115135192871094
2020-01-29,17.912776947021484
2020-01-30,18.590408325195312
2020-01-31,18.210979461669922
2020-02-01,18.218320846557617
2020-02-02,18.448184967041016
2020-02-03,18.46275520324707
2020-02-04,18.177366256713867
2020-02-05,19.215049743652344
2020-02-06,20.59526252746582
2020-02-07,22.062257766723633
2020-02-08,21.782419204711914
2020-02-09,24.308561325073242
2020-02-10,25.21831512451172
2020-02-11,25.63740348815918
2020-02-12,26.46676254272461
2020-02-13,25.440099716186523
2020-02-14,26.296958923339844
2020-02-15,24.14965057373047
2020-02-16,23.466388702392578
2020-02-17,23.55137825012207
2020-02-18,24.058177947998047
2020-02-19,22.333511352539062
2020-02-20,22.22914695739746
2020-02-21,22.184877395629883
2020-02-22,21.968481063842773
2020-02-23,22.82887077331543
2020-02-24,22.044126510620117
2020-02-25,20.342470169067383
2020-02-26,18.799131393432617
2020-02-27,19.122568130493164
2020-02-28,18.85483741760254
2020-02-29,19.584091186523438
2020-03-01,18.963232040405273
2020-03-02,19.814064025878906
2020-03-03,19.637189865112305
2020-03-04,19.95918846130371
2020-03-05,20.802030563354492
2020-03-06,21.288389205932617
2020-03-07,20.179567337036133
2020-03-08,16.97406578063965
2020-03-09,16.570743560791016
2020-03-10,16.875654220581055
2020-03-11,16.52483367919922
2020-03-12,9.600166320800781
2020-03-13,10.833057403564453
2020-03-14,10.140448570251465
2020-03-15,10.436017990112305
2020-03-16,9.3860502243042
2020-03-17,10.07717514038086
2020-03-18,10.119136810302734
2020-03-19,12.279640197753906
2020-03-20,11.875866889953613
2020-03-21,12.057991027832031
2020-03-22,11.158227920532227
2020-03-23,12.117714881896973
2020-03-24,12.401220321655273
2020-03-25,12.324299812316895
2020-03-26,13.217611312866211
2020-03-27,12.5232572555542
2020-03-28,12.193113327026367
2020-03-29,11.441221237182617
2020-03-30,12.286843299865723
2020-03-31,12.581605911254883
2020-04-01,12.741602897644043
2020-04-02,13.066638946533203
2020-04-03,13.373007774353027
2020-04-04,13.824527740478516
2020-04-05,13.734115600585938
2020-04-06,15.084521293640137
2020-04-07,14.681547164916992
2020-04-08,15.056076049804688
2020-04-09,15.062603950500488
2020-04-10,13.737724304199219
2020-04-11,13.804287910461426
2020-04-12,14.375110626220703
2020-04-13,15.03442668914795
2020-04-14,15.525075912475586
2020-04-15,14.593927383422852
2020-04-16,15.702730178833008
2020-04-17,15.735082626342773
2020-04-18,16.593172073364258
2020-04-19,16.13993263244629
2020-04-20,15.085403442382812
2020-04-21,15.205772399902344
2020-04-22,15.693160057067871
2020-04-23,16.006208419799805
2020-04-24,16.01641845703125
2020-04-25,16.305418014526367
2020-04-26,16.38376808166504
2020-04-27,16.463214874267578
2020-04-28,16.444286346435547
2020-04-29,17.4937744140625
2020-04-30,17.03397560119629
2020-05-01,17.564992904663086
2020-05-02,17.584903717041016
2020-05-03,17.126298904418945
2020-05-04,17.10075569152832
2020-05-05,16.919775009155273
2020-05-06,16.657045364379883
2020-05-07,17.013198852539062
2020-05-08,17.24147605895996
2020-05-09,16.93596076965332
2020-05-10,15.295668601989746
2020-05-11,15.09754467010498
2020-05-12,15.741053581237793
2020-05-13,16.138877868652344
2020-05-14,16.357799530029297
2020-05-15,15.754373550415039
2020-05-16,16.051780700683594
2020-05-17,16.314645767211914
2020-05-18,16.63626480102539
2020-05-19,17.1546630859375
2020-05-20,16.888025283813477
2020-05-21,16.12238121032715
2020-05-22,16.63959312438965
2020-05-23,16.588193893432617
2020-05-24,16.083438873291016
2020-05-25,16.400907516479492
2020-05-26,16.212547302246094
2020-05-27,16.493284225463867
2020-05-28,17.05933952331543
2020-05-29,17.041629791259766
2020-05-30,17.743417739868164
2020-05-31,17.04047203063965
2020-06-01,17.914941787719727
2020-06-02,17.239303588867188
2020-06-03,17.5454044342041
2020-06-04,17.565874099731445
2020-06-05,17.688785552978516
2020-06-06,17.535934448242188
2020-06-07,17.44703483581543
2020-06-08,17.393030166625977
2020-06-09,17.43537712097168
2020-06-10,17.41046714782715
2020-06-11,16.30892562866211
2020-06-12,16.669139862060547
2020-06-13,16.823734283447266
2020-06-14,16.65624237060547
2020-06-15,16.384801864624023
2020-06-16,16.42195701599121
2020-06-17,16.402542114257812
2020-06-18,16.208589553833008
2020-06-19,15.907086372375488
2020-06-20,16.04755973815918
2020-06-21,16.0012264251709
2020-06-22,16.47528839111328
2020-06-23,16.42256736755371
2020-06-24,16.026758193969727
2020-06-25,15.922709465026855
2020-06-26,15.749223709106445
2020-06-27,15.185254096984863
2020-06-28,15.420088768005371
2020-06-29,15.505231857299805
2020-06-30,15.413581848144531
2020-07-01,15.829460144042969
2020-07-02,15.538490295410156
2020-07-03,15.291961669921875
2020-07-04,15.55298137664795
2020-07-05,15.480225563049316
2020-07-06,16.296770095825195
2020-07-07,16.770225524902344
2020-07-08,17.227657318115234
2020-07-09,16.884868621826172
2020-07-10,17.26125144958496
2020-07-11,17.62217903137207
2020-07-12,18.23654556274414
2020-07-13,18.409563064575195
2020-07-14,18.082908630371094
2020-07-15,17.591215133666992
2020-07-16,17.143842697143555
2020-07-17,17.08497428894043
2020-07-18,17.126710891723633
2020-07-19,17.955778121948242
2020-07-20,17.484708786010742
2020-07-21,17.715408325195312
2020-07-22,18.091907501220703
2020-07-23,18.673295974731445
2020-07-24,19.15290069580078
2020-07-25,19.77642250061035
2020-07-26,19.521024703979492
2020-07-27,19.620328903198242
2020-07-28,20.173547744750977
2020-07-29,19.89558982849121
2020-07-30,20.01273536682129
2020-07-31,20.66814613342285
2020-08-01,21.530431747436523
2020-08-02,20.944887161254883
2020-08-03,22.055011749267578
2020-08-04,22.28258514404297
2020-08-05,23.336217880249023
2020-08-06,22.707660675048828
2020-08-07,22.311546325683594
2020-08-08,22.87811851501465
2020-08-09,22.475536346435547
2020-08-10,22.61379623413086
2020-08-11,21.25694465637207
2020-08-12,21.751449584960938
2020-08-13,22.075544357299805
2020-08-14,23.069791793823242
2020-08-15,23.021751403808594
2020-08-16,23.497102737426758
2020-08-17,23.510103225708008
2020-08-18,23.067180633544922
2020-08-19,22.310396194458008
2020-08-20,23.092575073242188
2020-08-21,22.12899398803711
2020-08-22,22.23982048034668
2020-08-23,21.87084197998047
2020-08-24,22.605852127075195
2020-08-25,21.475366592407227
2020-08-26,22.277305603027344
2020-08-27,23.080753326416016
2020-08-28,23.133811950683594
2020-08-29,23.011272430419922
2020-08-30,23.644914627075195
2020-08-31,23.193050384521484
2020-09-01,24.82209587097168
2020-09-02,24.69036293029785
2020-09-03,20.61988639831543
2020-09-04,21.056106567382812
2020-09-05,19.47876739501953
2020-09-06,23.190662384033203
2020-09-07,22.393306732177734
2020-09-08,23.190248489379883
2020-09-09,24.530290603637695
2020-09-10,24.55988883972168
2020-09-11,25.451414108276367
2020-09-12,28.529848098754883
2020-09-13,31.058629989624023
2020-09-14,31.17864227294922
2020-09-15,27.202390670776367
2020-09-16,27.9645938873291
2020-09-17,26.99312973022461
2020-09-18,27.39948081970215
2020-09-19,27.25111198425293
2020-09-20,26.392133712768555
2020-09-21,23.267879486083984
2020-09-22,24.100740432739258
2020-09-23,22.856977462768555
2020-09-24,24.61382484436035
2020-09-25,24.663387298583984
2020-09-26,26.221181869506836
2020-09-27,26.199216842651367
2020-09-28,26.97960662841797
2020-09-29,28.842979431152344
2020-09-30,29.290876388549805
2020-10-01,27.43197250366211
2020-10-02,27.285680770874023
2020-10-03,28.20231056213379
2020-10-04,28.9438533782959
2020-10-05,28.659103393554688
2020-10-06,27.714527130126953
2020-10-07,27.704835891723633
2020-10-08,27.705310821533203
2020-10-09,28.445030212402344
2020-10-10,28.31248664855957
2020-10-11,28.555580139160156
2020-10-12,30.71468162536621
2020-10-13,30.706745147705078
2020-10-14,30.912118911743164
2020-10-15,31.29586410522461
2020-10-16,29.99489974975586
2020-10-17,30.24823570251465
2020-10-18,30.659523010253906
2020-10-19,29.925067901611328
2020-10-20,28.803443908691406
2020-10-21,29.772354125976562
2020-10-22,30.658191680908203
2020-10-23,30.633960723876953
2020-10-24,30.588821411132812
2020-10-25,30.107540130615234
2020-10-26,31.154560089111328
2020-10-27,31.638721466064453
2020-10-28,30.363506317138672
2020-10-29,29.842477798461914
2020-10-30,28.508411407470703
2020-10-31,28.431215286254883
2020-11-01,28.461565017700195
2020-11-02,27.883930206298828
2020-11-03,26.8570499420166
2020-11-04,26.931514739990234
2020-11-05,27.675859451293945
2020-11-06,29.01799964904785
2020-11-07,27.738094329833984
2020-11-08,28.305116653442383
2020-11-09,28.018020629882812
2020-11-10,28.193342208862305
2020-11-11,27.956178665161133
2020-11-12,27.61480712890625
2020-11-13,28.182172775268555
2020-11-14,27.936201095581055
2020-11-15,27.621030807495117
2020-11-16,28.064109802246094
2020-11-17,28.530580520629883
2020-11-18,28.076162338256836
2020-11-19,28.094104766845703
2020-11-20,28.891996383666992
2020-11-21,30.39129066467285
2020-11-22,29.925071716308594
2020-11-23,30.965368270874023
2020-11-24,33.80315017700195
2020-11-25,31.342960357666016
2020-11-26,28.20491600036621
2020-11-27,28.475187301635742
2020-11-28,29.143911361694336
2020-11-29,30.117603302001953
2020-11-30,31.392786026000977
2020-12-01,30.10830307006836
2020-12-02,30.297361373901367
2020-12-03,30.704429626464844
2020-12-04,29.072208404541016
2020-12-05,29.729488372802734
2020-12-06,29.540803909301758
2020-12-07,29.378135681152344
2020-12-08,27.636306762695312
2020-12-09,28.129304885864258
2020-12-10,27.696189880371094
2020-12-11,27.361003875732422
2020-12-12,28.164451599121094
2020-12-13,29.10169219970703
2020-12-14,30.029577255249023
2020-12-15,29.547283172607422
2020-12-16,30.49019432067871
2020-12-17,30.184133529663086
2020-12-18,30.9383602142334
2020-12-19,33.296356201171875
2020-12-20,34.16029739379883
2020-12-21,32.269527435302734
2020-12-22,33.482948303222656
2020-12-23,31.097898483276367
2020-12-24,32.50059127807617
2020-12-25,33.164974212646484
2020-12-26,33.47713851928711
2020-12-27,33.51184844970703
2020-12-28,35.84455871582031
2020-12-29,38.95283126831055
2020-12-30,38.13629913330078
2020-12-31,37.376033782958984
2021-01-01,37.90501022338867
2021-01-02,38.24159240722656
2021-01-03,41.14897918701172
2021-01-04,40.926353454589844
2021-01-05,41.73460006713867
2021-01-06,42.16595458984375
2021-01-07,43.44948959350586
2021-01-08,42.39531707763672
2021-01-09,43.93285369873047
2021-01-10,42.4484748840332
2021-01-11,38.371360778808594
2021-01-12,38.111610412597656
2021-01-13,40.13593292236328
2021-01-14,41.79368209838867
2021-01-15,40.91897964477539
2021-01-16,43.17182540893555
2021-01-17,45.68461227416992
2021-01-18,45.353172302246094
2021-01-19,42.7855339050293
2021-01-20,42.60689926147461
2021-01-21,38.64583969116211
2021-01-22,40.85757064819336
2021-01-23,40.81547927856445
2021-01-24,41.88160705566406
2021-01-25,41.62370300292969
2021-01-26,41.69473648071289
2021-01-27,40.994876861572266
2021-01-28,42.52910614013672
2021-01-29,42.85234832763672
2021-01-30,44.77227783203125
2021-01-31,44.27599334716797
2021-02-01,51.607696533203125
2021-02-02,51.05640411376953
2021-02-03,52.242637634277344
2021-02-04,55.92512512207031
2021-02-05,67.84556579589844
2021-02-06,72.73359680175781
2021-02-07,68.59052276611328
2021-02-08,79.83154296875
2021-02-09,107.89927673339844
2021-02-10,129.73715209960938
2021-02-11,124.43425750732422
2021-02-12,136.94839477539062
2021-02-13,133.4526824951172
2021-02-14,136.426513671875
2021-02-15,129.56788635253906
2021-02-16,130.05665588378906
2021-02-17,164.67010498046875
2021-02-18,195.93263244628906
2021-02-19,332.61602783203125
2021-02-20,255.9537353515625
2021-02-21,293.923583984375
2021-02-22,267.5097961425781
2021-02-23,230.99424743652344
2021-02-24,254.359130859375
2021-02-25,233.88595581054688
2021-02-26,221.68043518066406
2021-02-27,225.2494354248047
2021-02-28,209.57440185546875
2021-03-01,254.6299285888672
2021-03-02,239.5225372314453
2021-03-03,241.09136962890625
2021-03-04,229.945068359375
2021-03-05,226.37255859375
2021-03-06,226.66685485839844
2021-03-07,240.17921447753906
2021-03-08,240.31866455078125
2021-03-09,293.4632263183594
2021-03-10,279.3580322265625
2021-03-11,289.7908020019531
2021-03-12,263.6858215332031
2021-03-13,276.1047058105469
2021-03-14,264.6367492675781
2021-03-15,254.66082763671875
2021-03-16,258.1006774902344
2021-03-17,269.8548583984375
2021-03-18,261.7048034667969
2021-03-19,264.05743408203125
2021-03-20,264.7416687011719
2021-03-21,264.88616943359375
2021-03-22,255.9001922607422
2021-03-23,255.68966674804688
2021-03-24,249.85137939453125
2021-03-25,234.88543701171875
2021-03-26,255.1045684814453
2021-03-27,269.1023254394531
2021-03-28,269.1912841796875
2021-03-29,275.2146301269531
2021-03-30,311.4264831542969
2021-03-31,302.0634460449219
2021-04-01,335.212890625
2021-04-02,339.0077209472656
2021-04-03,323.1335144042969
2021-04-04,351.6243896484375
2021-04-05,367.7724914550781
2021-04-06,403.59075927734375
2021-04-07,374.6588134765625
2021-04-08,418.03839111328125
2021-04-09,453.178466796875
2021-04-10,472.5603332519531
2021-04-11,525.3855590820312
2021-04-12,598.72265625
2021-04-13,549.5865478515625
2021-04-14,549.5918579101562
2021-04-15,542.632080078125
2021-04-16,510.2201843261719
2021-04-17,520.416748046875
2021-04-18,481.03424072265625
2021-04-19,505.0929260253906
2021-04-20,587.0291137695312
2021-04-21,546.0235595703125
2021-04-22,506.01300048828125
2021-04-23,526.5652465820312
2021-04-24,496.4150695800781
2021-04-25,505.0770568847656
2021-04-26,534.5776977539062
2021-04-27,568.4705200195312
2021-04-28,562.632568359375
2021-04-29,599.70654296875
2021-04-30,624.08056640625
2021-05-01,619.3472290039062
2021-05-02,622.1010131835938
2021-05-03,675.68408203125
2021-05-04,611.2003173828125
2021-05-05,651.6627197265625
2021-05-06,633.2803955078125
2021-05-07,624.5632934570312
2021-05-08,646.100830078125
2021-05-09,662.2285766601562
2021-05-10,631.3519897460938
2021-05-11,672.3339233398438
2021-05-12,588.1851806640625
2021-05-13,571.4345092773438
2021-05-14,603.1282958984375
2021-05-15,563.0416870117188
2021-05-16,562.829833984375
2021-05-17,511.9643859863281
2021-05-18,508.0223083496094
2021-05-19,339.0254821777344
2021-05-20,393.6127624511719
2021-05-21,326.29632568359375
2021-05-22,299.50408935546875
2021-05-23,262.9456787109375
2021-05-24,345.30963134765625
2021-05-25,344.1139831542969
2021-05-26,379.85430908203125
2021-05-27,367.6557922363281
2021-05-28,329.8799133300781
2021-05-29,305.0521545410156
2021-05-30,325.7840270996094
2021-05-31,354.329345703125
2021-06-01,362.7946472167969
2021-06-02,401.2623291015625
2021-06-03,427.80792236328125
2021-06-04,391.39532470703125
2021-06-05,390.4318542480469
2021-06-06,393.8202209472656
2021-06-07,357.3102111816406
2021-06-08,354.0013732910156
2021-06-09,375.73468017578125
2021-06-10,352.1831970214844
2021-06-11,345.9336853027344
2021-06-12,343.74102783203125
2021-06-13,366.6489562988281
2021-06-14,368.7927551269531
2021-06-15,373.566162109375
2021-06-16,347.033447265625
2021-06-17,352.738525390625
2021-06-18,336.8096923828125
2021-06-19,335.71282958984375
2021-06-20,340.06719970703125
2021-06-21,270.98443603515625
2021-06-22,261.8180847167969
2021-06-23,294.49029541015625
2021-06-24,308.39703369140625
2021-06-25,281.62091064453125
2021-06-26,279.43804931640625
2021-06-27,290.5670166015625
2021-06-28,289.53411865234375
2021-06-29,300.2115478515625
2021-06-30,303.2958679199219
2021-07-01,288.2184143066406
2021-07-02,287.423095703125
2021-07-03,298.23712158203125
2021-07-04,307.7320861816406
2021-07-05,302.37799072265625
2021-07-06,320.934814453125
2021-07-07,327.5224609375
2021-07-08,310.4271240234375
2021-07-09,316.4845275878906
2021-07-10,316.14013671875
2021-07-11,322.0316467285156
2021-07-12,316.32818603515625
2021-07-13,308.8111572265625
2021-07-14,309.4063720703125
2021-07-15,315.2440185546875
2021-07-16,302.985595703125
2021-07-17,300.4979248046875
2021-07-18,302.4804992675781
2021-07-19,280.01861572265625
2021-07-20,264.7823791503906
2021-07-21,292.5313720703125
2021-07-22,293.6411437988281
2021-07-23,299.2829895019531
2021-07-24,302.0718688964844
2021-07-25,302.4361572265625
2021-07-26,304.4782409667969
2021-07-27,313.60260009765625
2021-07-28,313.42864990234375
2021-07-29,316.74945068359375
2021-07-30,322.90936279296875
2021-07-31,333.5495910644531
2021-08-01,333.4840087890625
2021-08-02,331.1031188964844
2021-08-03,322.74774169921875
2021-08-04,334.9187927246094
2021-08-05,337.8738708496094
2021-08-06,342.1369934082031
2021-08-07,355.7413635253906
2021-08-08,342.06475830078125
2021-08-09,354.9668273925781
2021-08-10,371.9543762207031
2021-08-11,391.7570495605469
2021-08-12,385.8189697265625
2021-08-13,410.94488525390625
2021-08-14,409.03448486328125
2021-08-15,414.59503173828125
2021-08-16,417.4708557128906
2021-08-17,401.9089050292969
2021-08-18,398.25146484375
2021-08-19,430.9888610839844
2021-08-20,454.9363098144531
2021-08-21,448.9202575683594
2021-08-22,449.0534973144531
2021-08-23,499.8905944824219
2021-08-24,471.595458984375
2021-08-25,502.7862548828125
2021-08-26,479.006103515625
2021-08-27,494.4986877441406
2021-08-28,486.1969299316406
2021-08-29,480.28302001953125
2021-08-30,459.4907531738281
2021-08-31,464.4187316894531
2021-09-01,490.0687255859375
2021-09-02,483.9210510253906
2021-09-03,488.6047058105469
2021-09-04,498.07843017578125
2021-09-05,504.619873046875
2021-09-06,495.9250183105469
2021-09-07,417.5087890625
2021-09-08,415.1131591796875
2021-09-09,421.27001953125
2021-09-10,401.6217956542969
2021-09-11,405.5273742675781
2021-09-12,416.6832275390625
2021-09-13,399.0634460449219
2021-09-14,414.2362365722656
2021-09-15,431.42303466796875
2021-09-16,424.64923095703125
2021-09-17,406.6328125
2021-09-18,410.8092956542969
2021-09-19,408.4716491699219
2021-09-20,361.9659118652344
2021-09-21,344.53460693359375
2021-09-22,379.4403381347656
2021-09-23,383.8204040527344
2021-09-24,355.3162841796875
2021-09-25,349.8800964355469
2021-09-26,344.1817626953125
2021-09-27,336.19122314453125
2021-09-28,333.0325927734375
2021-09-29,367.9895935058594
2021-09-30,387.0573425292969
2021-10-01,421.6431884765625
2021-10-02,428.09832763671875
2021-10-03,430.5088195800781
2021-10-04,425.7489013671875
2021-10-05,442.7061462402344
2021-10-06,435.4013671875
2021-10-07,438.7617492675781
2021-10-08,419.10205078125
2021-10-09,421.5494689941406
2021-10-10,405.0693054199219
2021-10-11,413.4562072753906
2021-10-12,443.8675231933594
2021-10-13,470.74969482421875
2021-10-14,472.02239990234375
2021-10-15,473.70263671875
2021-10-16,465.6424560546875
2021-10-17,470.62554931640625
2021-10-18,485.11102294921875
2021-10-19,488.14886474609375
2021-10-20,501.02032470703125
2021-10-21,471.2569274902344
2021-10-22,478.6431579589844
2021-10-23,485.90643310546875
2021-10-24,476.63311767578125
2021-10-25,484.64508056640625
2021-10-26,478.0250549316406
2021-10-27,449.00799560546875
2021-10-28,492.0155334472656
2021-10-29,529.6221313476562
2021-10-30,527.9212036132812
2021-10-31,524.3644409179688
2021-11-01,551.2559204101562
2021-11-02,554.4476318359375
2021-11-03,568.5787963867188
2021-11-04,559.7373046875
2021-11-05,608.6480712890625
2021-11-06,636.1139526367188
2021-11-07,650.4540405273438
2021-11-08,654.3150024414062
2021-11-09,635.1906127929688
2021-11-10,615.278076171875
2021-11-11,629.892333984375
2021-11-12,626.6425170898438
2021-11-13,650.1041259765625
2021-11-14,650.9180908203125
2021-11-15,633.0486450195312
2021-11-16,589.8228759765625
2021-11-17,578.0927734375
2021-11-18,532.2376098632812
2021-11-19,581.5308227539062
2021-11-20,603.8400268554688
2021-11-21,585.2942504882812
2021-11-22,559.1270141601562
2021-11-23,591.4395751953125
2021-11-24,581.3953247070312
2021-11-25,603.730224609375
2021-11-26,585.1473388671875
2021-11-27,600.3367919921875
2021-11-28,611.3668212890625
2021-11-29,624.31005859375
2021-11-30,622.6698608398438
2021-12-01,627.9715576171875
2021-12-02,619.4701538085938
2021-12-03,594.635986328125
2021-12-04,569.0772705078125
2021-12-05,557.7830810546875
2021-12-06,589.2561645507812
2021-12-07,579.6898803710938
2021-12-08,607.5927734375
2021-12-09,571.6489868164062
2021-12-10,552.9668579101562
2021-12-11,564.322509765625
2021-12-12,570.823974609375
2021-12-13,521.0115966796875
2021-12-14,511.2293701171875
2021-12-15,541.0269775390625
2021-12-16,526.2465209960938
2021-12-17,525.706298828125
2021-12-18,533.891357421875
2021-12-19,529.9720458984375
2021-12-20,523.1624755859375
2021-12-21,528.7109985351562
2021-12-22,533.6449584960938
2021-12-23,548.725830078125
2021-12-24,541.9020385742188
2021-12-25,547.3262329101562
2021-12-26,546.9949951171875
2021-12-27,562.6414794921875
2021-12-28,534.9280395507812
2021-12-29,514.0007934570312
2021-12-30,518.9097290039062
2021-12-31,511.70831298828125
2022-01-01,527.3527221679688
2022-01-02,531.3966674804688
2022-01-03,512.135986328125
2022-01-04,507.506103515625
2022-01-05,475.05694580078125
2022-01-06,473.2756042480469
2022-01-07,447.7884826660156
2022-01-08,430.24615478515625
2022-01-09,438.8030700683594
2022-01-10,424.93377685546875
2022-01-11,463.518310546875
2022-01-12,487.0074157714844
2022-01-13,475.02911376953125
2022-01-14,489.867431640625
2022-01-15,494.9880676269531
2022-01-16,498.42791748046875
2022-01-17,475.7098693847656
2022-01-18,472.00506591796875
2022-01-19,462.82208251953125
2022-01-20,440.00543212890625
2022-01-21,383.07391357421875
2022-01-22,358.0961608886719
2022-01-23,383.9339599609375
2022-01-24,371.36895751953125
2022-01-25,384.6193542480469
2022-01-26,375.7554626464844
2022-01-27,390.0882873535156
2022-01-28,386.0843811035156
2022-01-29,389.1327819824219
2022-01-30,377.6129150390625
2022-01-31,375.2773132324219
2022-02-01,385.46380615234375
2022-02-02,367.4716796875
2022-02-03,370.87774658203125
2022-02-04,399.02960205078125
2022-02-05,414.20001220703125
2022-02-06,419.5455627441406
2022-02-07,433.2292785644531
2022-02-08,408.7767639160156
2022-02-09,422.4655456542969
2022-02-10,415.1192321777344
2022-02-11,400.4223937988281
2022-02-12,403.3897399902344
2022-02-13,398.88677978515625
2022-02-14,403.6607971191406
2022-02-15,432.4093933105469
2022-02-16,427.9181213378906
2022-02-17,402.4500427246094
2022-02-18,399.5691833496094
2022-02-19,400.0435791015625
2022-02-20,380.825927734375
2022-02-21,356.6612548828125
2022-02-22,374.3074645996094
2022-02-23,366.53948974609375
2022-02-24,361.2346496582031
2022-02-25,374.9149475097656
2022-02-26,373.6387634277344
2022-02-27,360.5310363769531
2022-02-28,395.6124267578125
2022-03-01,408.4822998046875
2022-03-02,409.00030517578125
2022-03-03,402.5506896972656
2022-03-04,374.2808837890625
2022-03-05,384.87335205078125
2022-03-06,375.0111999511719
2022-03-07,381.3446350097656
2022-03-08,381.95855712890625
2022-03-09,393.5557556152344
2022-03-10,372.1590270996094
2022-03-11,372.1840515136719
2022-03-12,372.7303771972656
2022-03-13,361.8498229980469
2022-03-14,373.4661560058594
2022-03-15,371.62884521484375
2022-03-16,385.5282287597656
2022-03-17,391.8247375488281
2022-03-18,397.6455078125
2022-03-19,399.8535461425781
2022-03-20,390.76837158203125
2022-03-21,396.44781494140625
2022-03-22,404.31494140625
2022-03-23,408.6097717285156
2022-03-24,414.1269836425781
2022-03-25,410.8111572265625
2022-03-26,415.9197998046875
2022-03-27,430.5032653808594
2022-03-28,430.390869140625
2022-03-29,434.50567626953125
2022-03-30,442.6848449707031
2022-03-31,428.9161071777344
2022-04-01,446.6042785644531
2022-04-02,436.9553527832031
2022-04-03,450.348876953125
2022-04-04,447.5249328613281
2022-04-05,445.172607421875
2022-04-06,420.1463623046875
2022-04-07,436.7967834472656
2022-04-08,421.67724609375
2022-04-09,427.1530456542969
2022-04-10,418.5906677246094
2022-04-11,394.0868835449219
2022-04-12,413.8739318847656
2022-04-13,423.1301574707031
2022-04-14,414.6637268066406
2022-04-15,417.2937316894531
2022-04-16,417.47845458984375
2022-04-17,407.3777160644531
2022-04-18,416.9684143066406
2022-04-19,422.3870544433594
2022-04-20,418.354248046875
2022-04-21,405.0214538574219
2022-04-22,406.9875183105469
2022-04-23,401.6524658203125
2022-04-24,399.1053771972656
2022-04-25,404.35028076171875
2022-04-26,385.4830627441406
2022-04-27,391.4458312988281
2022-04-28,406.71820068359375
2022-04-29,393.0621643066406
2022-04-30,377.767822265625
2022-05-01,390.281982421875
2022-05-02,389.670654296875
2022-05-03,383.4757995605469
2022-05-04,402.5026550292969
2022-05-05,378.77362060546875
2022-05-06,379.3042907714844
2022-05-07,365.6841125488281
2022-05-08,355.39874267578125
2022-05-09,299.34893798828125
2022-05-10,319.32696533203125
2022-05-11,269.9627685546875
2022-05-12,269.4072570800781
2022-05-13,290.5841979980469
2022-05-14,297.3876037597656
2022-05-15,312.0077209472656
2022-05-16,297.7101135253906
2022-05-17,305.96343994140625
2022-05-18,287.43878173828125
2022-05-19,306.79156494140625
2022-05-20,302.3592224121094
2022-05-21,312.4660339355469
2022-05-22,319.6090087890625
2022-05-23,316.76055908203125
2022-05-24,328.1893310546875
2022-05-25,325.73480224609375
2022-05-26,304.96392822265625
2022-05-27,300.9720458984375
2022-05-28,307.8154296875
2022-05-29,305.9750671386719
2022-05-30,321.7528991699219
2022-05-31,320.485107421875
2022-06-01,300.5040588378906
2022-06-02,308.1017761230469
2022-06-03,298.39788818359375
2022-06-04,301.6311340332031
2022-06-05,298.9347229003906
2022-06-06,295.3960266113281
2022-06-07,290.34112548828125
2022-06-08,288.6160888671875
2022-06-09,289.9196472167969
2022-06-10,286.04669189453125
2022-06-11,269.48699951171875
2022-06-12,255.9508819580078
2022-06-13,222.5057830810547
2022-06-14,223.22125244140625
2022-06-15,233.39671325683594
2022-06-16,209.5387420654297
2022-06-17,215.8917999267578
2022-06-18,197.04299926757812
2022-06-19,214.9205322265625
2022-06-20,216.93426513671875
2022-06-21,219.49862670898438
2022-06-22,214.2619171142578
2022-06-23,228.95375061035156
2022-06-24,240.23831176757812
2022-06-25,239.69065856933594
2022-06-26,233.85874938964844
2022-06-27,233.65402221679688
2022-06-28,226.92733764648438
2022-06-29,219.2844696044922
2022-06-30,219.3000946044922
2022-07-01,216.0154571533203
2022-07-02,218.0352325439453
2022-07-03,218.98031616210938
2022-07-04,231.57412719726562
2022-07-05,230.8463592529297
2022-07-06,238.49993896484375
2022-07-07,241.5445098876953
2022-07-08,240.75071716308594
2022-07-09,243.24107360839844
2022-07-10,234.65557861328125
2022-07-11,225.85850524902344
2022-07-12,220.4645538330078
2022-07-13,230.52476501464844
2022-07-14,238.1644744873047
2022-07-15,238.57398986816406
2022-07-16,249.5938720703125
2022-07-17,247.84848022460938
2022-07-18,264.88604736328125
2022-07-19,268.81732177734375
2022-07-20,258.33880615234375
2022-07-21,265.4625549316406
2022-07-22,262.87744140625
2022-07-23,259.4630126953125
2022-07-24,261.8648681640625
2022-07-25,245.14849853515625
2022-07-26,248.9583740234375
2022-07-27,271.5043640136719
2022-07-28,277.2939147949219
2022-07-29,293.9533386230469
2022-07-30,287.5361328125
2022-07-31,283.5794677734375
2022-08-01,283.53948974609375
2022-08-02,283.82098388671875
2022-08-03,298.3567810058594
2022-08-04,310.7060546875
2022-08-05,315.185546875
2022-08-06,315.06890869140625
2022-08-07,322.921142578125
2022-08-08,324.8004150390625
2022-08-09,324.9123229980469
2022-08-10,328.4711608886719
2022-08-11,323.80023193359375
2022-08-12,327.5146789550781
2022-08-13,323.8701477050781
2022-08-14,317.98663330078125
2022-08-15,319.8872985839844
2022-08-16,316.4236755371094
2022-08-17,306.63641357421875
2022-08-18,298.1412353515625
2022-08-19,279.7187194824219
2022-08-20,283.6931457519531
2022-08-21,302.0562744140625
2022-08-22,300.5591125488281
2022-08-23,299.0299377441406
2022-08-24,296.4496765136719
2022-08-25,301.5836486816406
2022-08-26,279.5981750488281
2022-08-27,277.80157470703125
2022-08-28,276.2508850097656
2022-08-29,286.2214050292969
2022-08-30,281.42535400390625
2022-08-31,279.23809814453125
2022-09-01,278.417236328125
2022-09-02,277.4161071777344
2022-09-03,277.77557373046875
2022-09-04,278.84185791015625
2022-09-05,276.6859130859375
2022-09-06,262.66839599609375
2022-09-07,278.7613220214844
2022-09-08,280.5774841308594
2022-09-09,293.4071350097656
2022-09-10,296.96905517578125
2022-09-11,295.161865234375
2022-09-12,293.6587219238281
2022-09-13,277.5769348144531
2022-09-14,279.3858642578125
2022-09-15,270.806884765625
2022-09-16,274.6545715332031
2022-09-17,279.24932861328125
2022-09-18,266.31317138671875
2022-09-19,272.06982421875
2022-09-20,266.3695983886719
2022-09-21,264.7920837402344
2022-09-22,275.5002746582031
2022-09-23,276.6262512207031
2022-09-24,275.1353759765625
2022-09-25,274.0612487792969
2022-09-26,275.9278564453125
2022-09-27,272.40155029296875
2022-09-28,281.7812194824219
2022-09-29,283.7890319824219
2022-09-30,284.1922912597656
2022-10-01,282.8719177246094
2022-10-02,284.43310546875
2022-10-03,287.031982421875
2022-10-04,296.2984619140625
2022-10-05,294.1376647949219
2022-10-06,286.6341552734375
2022-10-07,283.18267822265625
2022-10-08,276.4695739746094
2022-10-09,278.2380676269531
2022-10-10,271.8060607910156
2022-10-11,271.37139892578125
2022-10-12,270.97100830078125
2022-10-13,271.8514099121094
2022-10-14,269.5671691894531
2022-10-15,268.4040832519531
2022-10-16,272.51995849609375
2022-10-17,275.5125732421875
2022-10-18,273.2145690917969
2022-10-19,271.9813537597656
2022-10-20,269.2712707519531
2022-10-21,270.0384216308594
2022-10-22,270.4794921875
2022-10-23,276.0081787109375
2022-10-24,273.9774169921875
2022-10-25,284.4325256347656
2022-10-26,290.3769836425781
2022-10-27,286.8441162109375
2022-10-28,298.0141906738281
2022-10-29,304.21795654296875
2022-10-30,313.7547912597656
2022-10-31,326.3607177734375
2022-11-01,324.5794372558594
2022-11-02,320.1505432128906
2022-11-03,329.71697998046875
2022-11-04,354.4063720703125
2022-11-05,349.25372314453125
2022-11-06,339.3893737792969
2022-11-07,337.0145568847656
2022-11-08,327.6902770996094
2022-11-09,266.8531188964844
2022-11-10,304.0800476074219
2022-11-11,289.820556640625
2022-11-12,282.3412780761719
2022-11-13,276.5794372558594
2022-11-14,278.57843017578125
2022-11-15,276.8740234375
2022-11-16,272.08160400390625
2022-11-17,267.91131591796875
2022-11-18,273.91998291015625
2022-11-19,272.3976745605469
2022-11-20,264.2351379394531
2022-11-21,254.1682586669922
2022-11-22,266.3243408203125
2022-11-23,297.8474426269531
2022-11-24,300.4278259277344
2022-11-25,300.57769775390625
2022-11-26,311.3884582519531
2022-11-27,307.4292907714844
2022-11-28,293.5272521972656
2022-11-29,295.4981689453125
2022-11-30,300.7943420410156
2022-12-01,292.0162048339844
2022-12-02,293.5274963378906
2022-12-03,290.5631408691406
2022-12-04,292.2882995605469
2022-12-05,288.4742736816406
2022-12-06,290.3544616699219
2022-12-07,284.284423828125
2022-12-08,290.53717041015625
2022-12-09,286.0904235839844
2022-12-10,288.1252136230469
2022-12-11,284.3904113769531
2022-12-12,276.2781982421875
2022-12-13,271.9516906738281
2022-12-14,268.2315368652344
2022-12-15,258.2737121582031
2022-12-16,231.23243713378906
2022-12-17,242.52928161621094
2022-12-18,251.15638732910156
2022-12-19,240.65780639648438
2022-12-20,251.74453735351562
2022-12-21,246.04698181152344
2022-12-22,245.890625
2022-12-23,246.14817810058594
2022-12-24,244.63552856445312
2022-12-25,243.14149475097656
2022-12-26,244.1982879638672
2022-12-27,246.5966796875
2022-12-28,244.1419219970703
2022-12-29,246.47972106933594
2022-12-30,245.7792205810547
2022-12-31,246.3491973876953
2023-01-01,244.13697814941406
2023-01-02,245.53590393066406
2023-01-03,246.13336181640625
2023-01-04,259.11968994140625
2023-01-05,256.4228515625
2023-01-06,259.8671569824219
2023-01-07,261.2828369140625
2023-01-08,274.38507080078125
2023-01-09,272.7015380859375
2023-01-10,277.2896423339844
2023-01-11,285.0465087890625
2023-01-12,287.8123474121094
2023-01-13,293.7330017089844
2023-01-14,305.2411193847656
2023-01-15,302.0706481933594
2023-01-16,298.9992370605469
2023-01-17,299.82452392578125
2023-01-18,286.9910583496094
2023-01-19,294.8522033691406
2023-01-20,304.9731750488281
2023-01-21,299.26116943359375
2023-01-22,303.04644775390625
2023-01-23,305.50408935546875
2023-01-24,300.6123352050781
2023-01-25,307.3076477050781
2023-01-26,304.8665466308594
2023-01-27,308.12310791015625
2023-01-28,306.24432373046875
2023-01-29,317.3362121582031
2023-01-30,307.0688781738281
2023-01-31,312.3610534667969
2023-02-01,317.47259521484375
2023-02-02,323.34979248046875
2023-02-03,332.2686767578125
2023-02-04,330.6170959472656
2023-02-05,327.8693542480469
2023-02-06,324.6271667480469
2023-02-07,333.2278747558594
2023-02-08,328.0886535644531
2023-02-09,305.9604187011719
2023-02-10,305.9541320800781
2023-02-11,310.61602783203125
2023-02-12,312.9296569824219
2023-02-13,294.475341796875
2023-02-14,296.120361328125
2023-02-15,317.1692199707031
2023-02-16,304.7637023925781
2023-02-17,313.37799072265625
2023-02-18,316.6827087402344
2023-02-19,311.93585205078125
2023-02-20,315.37744140625
2023-02-21,311.4720153808594
2023-02-22,312.7811279296875
2023-02-23,308.533935546875
2023-02-24,302.0537109375
2023-02-25,302.3846130371094
2023-02-26,308.9970703125
2023-02-27,304.8558044433594
2023-02-28,301.4748229980469
2023-03-01,302.907470703125
2023-03-02,299.9461669921875
2023-03-03,290.2828369140625
2023-03-04,289.5038757324219
2023-03-05,288.69970703125
2023-03-06,288.0549621582031
2023-03-07,289.34368896484375
2023-03-08,286.86700439453125
2023-03-09,277.2961120605469
2023-03-10,277.4195861816406
2023-03-11,277.96142578125
2023-03-12,289.67578125
2023-03-13,308.9122009277344
2023-03-14,309.37078857421875
2023-03-15,307.12493896484375
2023-03-16,329.8608703613281
2023-03-17,339.0811462402344
2023-03-18,331.5242919921875
2023-03-19,336.9782409667969
2023-03-20,332.9230041503906
2023-03-21,335.3092346191406
2023-03-22,321.8877258300781
2023-03-23,329.8370056152344
2023-03-24,322.3593444824219
2023-03-25,322.6730651855469
2023-03-26,328.88800048828125
2023-03-27,310.9491271972656
2023-03-28,313.2606201171875
2023-03-29,313.8417663574219
2023-03-30,316.56756591796875
2023-03-31,317.0400085449219
2023-04-01,315.2173156738281
2023-04-02,313.9286193847656
2023-04-03,308.5623779296875
2023-04-04,310.9948425292969
2023-04-05,314.06317138671875
2023-04-06,312.45465087890625
2023-04-07,310.6994934082031
2023-04-08,310.6347351074219
2023-04-09,312.87225341796875
2023-04-10,318.3790588378906
2023-04-11,322.7582702636719
2023-04-12,318.9537658691406
2023-04-13,324.9480895996094
2023-04-14,329.1738586425781
2023-04-15,333.40728759765625
2023-04-16,348.2209167480469
2023-04-17,339.9941101074219
2023-04-18,343.1934509277344
2023-04-19,322.70751953125
2023-04-20,317.8899230957031
2023-04-21,321.67498779296875
2023-04-22,331.9950866699219
2023-04-23,330.61883544921875
2023-04-24,331.2458801269531
2023-04-25,338.3255615234375
2023-04-26,330.82177734375
2023-04-27,331.1950988769531
2023-04-28,324.500244140625
2023-04-29,322.1347351074219
2023-04-30,337.6455383300781
2023-05-01,328.7242126464844
2023-05-02,321.95269775390625
2023-05-03,326.212890625
2023-05-04,323.9171447753906
2023-05-05,326.9403076171875
2023-05-06,322.7740173339844
2023-05-07,321.6110534667969
2023-05-08,313.9712219238281
2023-05-09,312.5137023925781
2023-05-10,314.57745361328125
2023-05-11,307.6958312988281
2023-05-12,308.6031188964844
2023-05-13,311.0868835449219
2023-05-14,312.1358947753906
2023-05-15,313.5294189453125
2023-05-16,311.3800354003906
2023-05-17,314.0835266113281
2023-05-18,309.4566955566406
2023-05-19,308.96429443359375
2023-05-20,310.719970703125
2023-05-21,306.5067138671875
2023-05-22,309.2456359863281
2023-05-23,313.5062255859375
2023-05-24,305.9327697753906
2023-05-25,304.733642578125
2023-05-26,306.8863220214844
2023-05-27,307.5917663574219
2023-05-28,314.2700500488281
2023-05-29,311.80718994140625
2023-05-30,311.68450927734375
2023-05-31,306.86669921875
2023-06-01,304.9532775878906
2023-06-02,307.4237976074219
2023-06-03,306.7201232910156
2023-06-04,305.15679931640625
2023-06-05,276.8892517089844
2023-06-06,281.4955749511719
2023-06-07,259.3914489746094
2023-06-08,262.14849853515625
2023-06-09,260.7160949707031
2023-06-10,239.08908081054688
2023-06-11,235.4387969970703
2023-06-12,231.0514373779297
2023-06-13,243.89053344726562
2023-06-14,237.5742645263672
2023-06-15,236.2806854248047
2023-06-16,239.1146697998047
2023-06-17,244.61058044433594
2023-06-18,244.08726501464844
2023-06-19,242.9033660888672
2023-06-20,247.6744384765625
2023-06-21,249.28634643554688
2023-06-22,240.7924346923828
2023-06-23,244.56494140625
2023-06-24,236.65965270996094
2023-06-25,238.8929901123047
2023-06-26,236.13426208496094
2023-06-27,237.49267578125
2023-06-28,230.65036010742188
2023-06-29,233.23245239257812
2023-06-30,240.36978149414062
2023-07-01,247.75942993164062
2023-07-02,246.25791931152344
2023-07-03,246.38221740722656
2023-07-04,242.492919921875
2023-07-05,239.08108520507812
2023-07-06,232.31942749023438
2023-07-07,235.62115478515625
2023-07-08,236.28738403320312
2023-07-09,234.22836303710938
2023-07-10,245.874267578125
2023-07-11,248.538330078125
2023-07-12,244.01988220214844
2023-07-13,256.48968505859375
2023-07-14,248.19161987304688
2023-07-15,251.09970092773438
2023-07-16,242.65682983398438
2023-07-17,244.35299682617188
2023-07-18,240.2649383544922
2023-07-19,241.1608123779297
2023-07-20,242.73313903808594
2023-07-21,243.7889862060547
2023-07-22,241.03074645996094
2023-07-23,242.45596313476562
2023-07-24,238.9462127685547
2023-07-25,237.80856323242188
2023-07-26,238.9623565673828
2023-07-27,240.49879455566406
2023-07-28,241.97703552246094
2023-07-29,242.5763702392578
2023-07-30,242.52598571777344
2023-07-31,241.1206512451172
2023-08-01,247.50502014160156
2023-08-02,240.49464416503906
2023-08-03,241.0615234375
2023-08-04,241.47601318359375
2023-08-05,242.9593505859375
2023-08-06,242.79859924316406
2023-08-07,241.79750061035156
2023-08-08,245.14990234375
2023-08-09,243.89364624023438
2023-08-10,241.26246643066406
2023-08-11,239.70689392089844
2023-08-12,240.27362060546875
2023-08-13,240.03334045410156
2023-08-14,240.33924865722656
2023-08-15,236.67958068847656
2023-08-16,231.86874389648438
2023-08-17,218.5358428955078
2023-08-18,216.112548828125
2023-08-19,216.99945068359375
2023-08-20,216.63580322265625
2023-08-21,210.63894653320312
2023-08-22,210.8343505859375
2023-08-23,216.3992919921875
2023-08-24,218.64639282226562
2023-08-25,218.3310546875
2023-08-26,216.36424255371094
2023-08-27,218.35800170898438
2023-08-28,218.71856689453125
2023-08-29,226.86288452148438
2023-08-30,223.7994384765625
2023-08-31,216.59779357910156
2023-09-01,213.63055419921875
2023-09-02,214.44854736328125
2023-09-03,214.3999481201172
2023-09-04,215.197509765625
2023-09-05,214.47813415527344
2023-09-06,215.13465881347656
2023-09-07,216.88717651367188
2023-09-08,214.56202697753906
2023-09-09,214.2229461669922
2023-09-10,212.31802368164062
2023-09-11,206.03421020507812
2023-09-12,210.99436950683594
2023-09-13,212.64259338378906
2023-09-14,212.2828369140625
2023-09-15,214.17552185058594
2023-09-16,214.96054077148438
2023-09-17,216.4657745361328
2023-09-18,216.00392150878906
2023-09-19,217.21095275878906
2023-09-20,214.3633270263672
2023-09-21,210.7939453125
2023-09-22,211.15086364746094
2023-09-23,210.56060791015625
2023-09-24,208.28289794921875
2023-09-25,210.0738067626953
2023-09-26,212.37844848632812
2023-09-27,211.98541259765625
2023-09-28,215.07598876953125
2023-09-29,215.2794189453125
2023-09-30,214.82130432128906
2023-10-01,218.04713439941406
2023-10-02,214.7579345703125
2023-10-03,213.43594360351562
2023-10-04,213.4130859375
2023-10-05,210.67967224121094
2023-10-06,213.55552673339844
2023-10-07,212.36447143554688
2023-10-08,211.51998901367188
2023-10-09,205.75096130371094
2023-10-10,208.57687377929688
2023-10-11,206.53341674804688
2023-10-12,205.2294158935547
2023-10-13,206.03611755371094
2023-10-14,206.60189819335938
2023-10-15,209.7425079345703
2023-10-16,214.82395935058594
2023-10-17,211.6432342529297
2023-10-18,210.50103759765625
2023-10-19,211.1441650390625
2023-10-20,212.30084228515625
2023-10-21,214.3056640625
2023-10-22,217.74737548828125
2023-10-23,228.35276794433594
2023-10-24,225.14295959472656
2023-10-25,222.179931640625
2023-10-26,223.2360382080078
2023-10-27,224.4759063720703
2023-10-28,225.77407836914062
2023-10-29,227.14845275878906
2023-10-30,228.2874298095703
2023-10-31,226.43994140625
2023-11-01,228.00010681152344
2023-11-02,231.7230224609375
2023-11-03,230.60597229003906
2023-11-04,237.45460510253906
2023-11-05,244.32247924804688
2023-11-06,254.63479614257812
2023-11-07,246.39529418945312
2023-11-08,247.123291015625
2023-11-09,251.51084899902344
2023-11-10,251.08236694335938
2023-11-11,251.42161560058594
2023-11-12,247.6400146484375
2023-11-13,241.33506774902344
2023-11-14,242.263671875
2023-11-15,253.75534057617188
2023-11-16,242.75888061523438
2023-11-17,244.745361328125
2023-11-18,244.9507598876953
2023-11-19,246.58778381347656
2023-11-20,253.6350860595703
2023-11-21,226.4864044189453
2023-11-22,236.1365966796875
2023-11-23,233.76580810546875
2023-11-24,232.9009552001953
2023-11-25,234.43994140625
2023-11-26,232.0471954345703
2023-11-27,227.42147827148438
2023-11-28,229.69296264648438
2023-11-29,227.34275817871094
2023-11-30,227.68380737304688
2023-12-01,228.54563903808594
2023-12-02,229.30084228515625
2023-12-03,228.09820556640625
2023-12-04,233.29530334472656
2023-12-05,231.2613525390625
2023-12-06,229.42440795898438
2023-12-07,232.97743225097656
2023-12-08,238.91598510742188
2023-12-09,237.7686004638672
2023-12-10,239.733154296875
2023-12-11,246.42086791992188
2023-12-12,254.49497985839844
2023-12-13,252.42332458496094
2023-12-14,253.5412139892578
2023-12-15,244.8984375
2023-12-16,244.35096740722656
2023-12-17,239.30828857421875
2023-12-18,241.3484344482422
2023-12-19,252.63719177246094
2023-12-20,260.10736083984375
2023-12-21,271.24658203125
2023-12-22,271.3764953613281
2023-12-23,271.3909606933594
2023-12-24,264.71710205078125
2023-12-25,267.0733642578125
2023-12-26,297.6932373046875
2023-12-27,323.6773376464844
2023-12-28,323.5989990234375
2023-12-29,313.8787536621094
2023-12-30,317.16619873046875
2023-12-31,312.4356994628906
2024-01-01,314.4082946777344
2024-01-02,312.10382080078125
2024-01-03,316.6612854003906
2024-01-04,323.6000061035156
2024-01-05,317.4502868652344
2024-01-06,307.79449462890625
2024-01-07,302.8905334472656
2024-01-08,304.5003967285156
2024-01-09,300.9761047363281
2024-01-10,305.0968322753906
2024-01-11,308.7015075683594
2024-01-12,296.6304626464844
2024-01-13,302.227294921875
2024-01-14,299.05133056640625
2024-01-15,317.5672607421875
2024-01-16,315.22625732421875
2024-01-17,309.08538818359375
2024-01-18,313.2928771972656
2024-01-19,314.3004455566406
2024-01-20,316.96038818359375
2024-01-21,318.3186950683594
2024-01-22,305.43701171875
2024-01-23,298.4039001464844
2024-01-24,293.0914306640625
2024-01-25,291.9192810058594
2024-01-26,302.3179931640625
2024-01-27,305.8248291015625
2024-01-28,304.9756164550781
2024-01-29,310.7080078125
2024-01-30,307.4627380371094
2024-01-31,300.35107421875
2024-02-01,300.1759033203125
2024-02-02,301.15496826171875
2024-02-03,299.7367248535156
2024-02-04,304.7341613769531
2024-02-05,300.8540344238281
2024-02-06,302.71014404296875
2024-02-07,307.63458251953125
2024-02-08,318.87188720703125
2024-02-09,323.84228515625
2024-02-10,323.1338806152344
2024-02-11,320.78753662109375
2024-02-12,327.9446105957031
2024-02-13,324.86822509765625
2024-02-14,334.2459716796875
2024-02-15,354.7108154296875
2024-02-16,360.890380859375
2024-02-17,352.9081115722656
2024-02-18,349.6799621582031
2024-02-19,351.8070983886719
2024-02-20,354.8639221191406
2024-02-21,378.5373229980469
2024-02-22,382.009765625
2024-02-23,375.319091796875
2024-02-24,381.7427978515625
2024-02-25,388.5517272949219
2024-02-26,401.6438903808594
2024-02-27,394.9956359863281
2024-02-28,415.7716064453125
2024-02-29,399.7787170410156
2024-03-01,407.8107604980469
2024-03-02,410.9858703613281
2024-03-03,414.3810729980469
2024-03-04,419.0354309082031
2024-03-05,394.6617431640625
2024-03-06,429.011962890625
2024-03-07,475.2906494140625
2024-03-08,488.09417724609375
2024-03-09,489.56182861328125
2024-03-10,529.374755859375
2024-03-11,522.718017578125
2024-03-12,537.86572265625
2024-03-13,630.5613403320312
2024-03-14,602.9887084960938
2024-03-15,632.8027954101562
2024-03-16,576.7752075195312
2024-03-17,571.0855712890625
2024-03-18,554.55712890625
2024-03-19,507.0765686035156
2024-03-20,556.7005004882812
2024-03-21,553.2482299804688
2024-03-22,551.778564453125
2024-03-23,551.8795166015625
2024-03-24,567.9948120117188
2024-03-25,587.4276123046875
2024-03-26,580.1505126953125
2024-03-27,574.5115966796875
2024-03-28,583.2708740234375
2024-03-29,612.657958984375
2024-03-30,601.016357421875
2024-03-31,606.9086303710938
2024-04-01,576.3966674804688
2024-04-02,550.6814575195312
2024-04-03,562.0196533203125
2024-04-04,585.4415283203125
2024-04-05,578.9669189453125
2024-04-06,585.966796875
2024-04-07,584.1021728515625
2024-04-08,586.9009399414062
2024-04-09,580.830322265625
2024-04-10,610.0839233398438
2024-04-11,604.893798828125
2024-04-12,596.380126953125
2024-04-13,554.2998046875
2024-04-14,567.2184448242188
2024-04-15,552.87451171875
2024-04-16,537.829345703125
2024-04-17,534.416015625
2024-04-18,552.172119140625
2024-04-19,554.8892822265625
2024-04-20,570.9605102539062
2024-04-21,579.6199340820312
2024-04-22,605.5755004882812
2024-04-23,606.8406372070312
2024-04-24,608.0861206054688
2024-04-25,614.0050048828125
2024-04-26,597.7054443359375
2024-04-27,595.7205200195312
2024-04-28,600.0711669921875
2024-04-29,592.8312377929688
2024-04-30,578.488037109375
2024-05-01,561.408203125
2024-05-02,560.5267333984375
2024-05-03,587.0104370117188
2024-05-04,585.8465576171875
2024-05-05,592.140380859375
2024-05-06,588.4759521484375
2024-05-07,577.4862060546875
2024-05-08,588.1974487304688
2024-05-09,596.031982421875
2024-05-10,585.6221923828125
2024-05-11,592.0278930664062
2024-05-12,594.424560546875
2024-05-13,591.60693359375
2024-05-14,566.70703125
2024-05-15,582.0743408203125
2024-05-16,569.1902465820312
2024-05-17,581.1783447265625
2024-05-18,580.4811401367188
2024-05-19,574.6316528320312
2024-05-20,600.6163330078125
2024-05-21,618.4204711914062
2024-05-22,614.671875
2024-05-23,598.6708374023438
2024-05-24,600.2258911132812
2024-05-25,602.1944580078125
2024-05-26,599.825927734375
2024-05-27,603.5264282226562
2024-05-28,601.2132568359375
2024-05-29,594.9720458984375
2024-05-30,595.0267944335938
2024-05-31,593.5223388671875
2024-06-01,601.30419921875
2024-06-02,603.026611328125
2024-06-03,626.4329833984375
2024-06-04,686.201416015625
2024-06-05,698.889404296875
2024-06-06,710.4640502929688
2024-06-07,683.3609619140625
2024-06-08,682.6651611328125
2024-06-09,673.3153076171875
2024-06-10,624.3868408203125
2024-06-11,602.55810546875
2024-06-12,619.19482421875
2024-06-13,599.5150756835938
2024-06-14,603.1805419921875
2024-06-15,607.8029174804688
2024-06-16,610.0540161132812
2024-06-17,604.4673461914062
2024-06-18,588.7020874023438
2024-06-19,598.771728515625
2024-06-20,587.107177734375
2024-06-21,585.9119262695312
2024-06-22,590.7633666992188
2024-06-23,577.2108764648438
2024-06-24,567.578125
2024-06-25,578.1034545898438
2024-06-26,572.4017944335938
2024-06-27,580.7982788085938
2024-06-28,566.4644775390625
2024-06-29,569.127685546875
2024-06-30,581.7711181640625
2024-07-01,576.6869506835938
2024-07-02,578.9810791015625
2024-07-03,556.5777587890625
2024-07-04,513.9945068359375
2024-07-05,497.9958190917969
2024-07-06,527.6743774414062
2024-07-07,490.6131286621094
2024-07-08,510.6142578125
2024-07-09,516.568115234375
2024-07-10,524.5165405273438
2024-07-11,525.1380615234375
2024-07-12,533.75732421875
2024-07-13,532.3488159179688
2024-07-14,544.8187255859375
2024-07-15,586.1410522460938
2024-07-16,576.583984375
2024-07-17,568.9127197265625
2024-07-18,571.9515380859375
2024-07-19,593.7021484375
2024-07-20,593.5722045898438
2024-07-21,601.8511962890625
2024-07-22,587.9177856445312
2024-07-23,582.0995483398438
2024-07-24,574.5784912109375
2024-07-25,570.71337890625
2024-07-26,581.0779418945312
2024-07-27,581.5888061523438
2024-07-28,584.099609375
2024-07-29,574.642578125
2024-07-30,587.6651000976562
2024-07-31,576.3681640625
2024-08-01,575.146728515625
2024-08-02,542.9151611328125
2024-08-03,529.4813232421875
2024-08-04,497.0390930175781
2024-08-05,464.6269226074219
2024-08-06,484.3238220214844
2024-08-07,474.2247619628906
2024-08-08,517.3375244140625
2024-08-09,509.1827087402344
2024-08-10,523.317626953125
2024-08-11,503.8045349121094
2024-08-12,518.5361328125
2024-08-13,524.1285400390625
2024-08-14,524.0153198242188
2024-08-15,519.870361328125
2024-08-16,519.9686279296875
2024-08-17,542.2342529296875
2024-08-18,531.6085205078125
2024-08-19,559.81884765625
2024-08-20,569.2669677734375
2024-08-21,570.0197143554688
2024-08-22,583.0518798828125
2024-08-23,591.8060302734375
2024-08-24,580.76220703125
2024-08-25,574.2499389648438
2024-08-26,548.8280029296875
2024-08-27,533.9758911132812
2024-08-28,536.816162109375
2024-08-29,536.6256713867188
2024-08-30,535.3157958984375
2024-08-31,532.89697265625
2024-09-01,512.59521484375
2024-09-02,526.438720703125
2024-09-03,518.6689453125
2024-09-04,507.82049560546875
2024-09-05,502.0693664550781
2024-09-06,486.9027404785156
2024-09-07,493.22613525390625
2024-09-08,503.0001525878906
2024-09-09,518.5453491210938
2024-09-10,517.4838256835938
2024-09-11,530.1940307617188
2024-09-12,544.3037719726562
2024-09-13,557.01806640625
2024-09-14,553.5650634765625
2024-09-15,553.9722900390625
2024-09-16,533.80908203125
2024-09-17,546.0135498046875
2024-09-18,559.0445556640625
2024-09-19,566.2235107421875
2024-09-20,568.5850830078125
2024-09-21,589.0379638671875
2024-09-22,588.0869140625
2024-09-23,604.3660278320312
2024-09-24,606.5230712890625
2024-09-25,587.3525390625
2024-09-26,596.7769165039062
2024-09-27,607.8670043945312
2024-09-28,601.5671997070312
2024-09-29,596.4111938476562
2024-09-30,567.2600708007812
2024-10-01,547.9971313476562
2024-10-02,542.7123413085938
2024-10-03,544.4249877929688
2024-10-04,555.3842163085938
2024-10-05,563.2091674804688
2024-10-06,570.542724609375
2024-10-07,564.1497192382812
2024-10-08,580.4038696289062
2024-10-09,570.2771606445312
2024-10-10,562.7257690429688
2024-10-11,572.8572387695312
2024-10-12,576.4497680664062
2024-10-13,571.8217163085938
2024-10-14,588.9004516601562
2024-10-15,594.189208984375
2024-10-16,600.8178100585938
2024-10-17,592.0396118164062
2024-10-18,599.364990234375
2024-10-19,597.9749145507812
2024-10-20,605.517822265625
2024-10-21,598.8175659179688
2024-10-22,593.3606567382812
2024-10-23,582.473388671875
2024-10-24,594.15478515625
2024-10-25,574.2536010742188
2024-10-26,582.8060913085938
2024-10-27,588.7158203125
2024-10-28,600.5960693359375
2024-10-29,605.6682739257812
2024-10-30,595.7278442382812
2024-10-31,576.0344848632812
2024-11-01,572.7622680664062
2024-11-02,568.0368041992188
2024-11-03,557.6416015625
2024-11-04,552.0711059570312
2024-11-05,563.612060546875
2024-11-06,591.9952392578125
2024-11-07,598.4359130859375
2024-11-08,597.9484252929688
2024-11-09,624.3746948242188
2024-11-10,628.302490234375
2024-11-11,661.88720703125
2024-11-12,627.0038452148438
2024-11-13,621.0003051757812
2024-11-14,621.6801147460938
2024-11-15,618.866455078125
2024-11-16,622.3731689453125
2024-11-17,618.4000854492188
2024-11-18,619.4354858398438
2024-11-19,615.9874267578125
2024-11-20,606.1174926757812
2024-11-21,622.8263549804688
2024-11-22,633.513427734375
2024-11-23,651.197265625
2024-11-24,660.3175659179688
2024-11-25,636.6397094726562
2024-11-26,613.5872802734375
2024-11-27,644.948486328125
2024-11-28,654.3616333007812
2024-11-29,654.8097534179688
2024-11-30,654.3291625976562
2024-12-01,655.9324951171875
2024-12-02,647.594482421875
2024-12-03,737.6965942382812
2024-12-04,739.2527465820312
2024-12-05,714.3219604492188
2024-12-06,732.0062866210938
2024-12-07,750.2726440429688
2024-12-08,743.295654296875
2024-12-09,689.9243774414062
2024-12-10,676.98291015625
2024-12-11,711.8114013671875
2024-12-12,705.9442138671875
2024-12-13,726.2548217773438
2024-12-14,715.6956787109375
2024-12-15,719.13427734375
2024-12-16,720.3263549804688
2024-12-17,716.6824951171875
2024-12-18,687.623779296875
2024-12-19,666.5693359375
2024-12-20,678.0866088867188
2024-12-21,663.2794799804688
2024-12-22,648.7047119140625
2024-12-23,693.000732421875
2024-12-24,696.7411499023438
2024-12-25,702.3269653320312
2024-12-26,688.360107421875
2024-12-27,690.4293823242188
2024-12-28,720.9590454101562
2024-12-29,693.7545166015625
2024-12-30,704.1463012695312
2024-12-31,700.9868774414062
2025-01-01,706.512939453125
2025-01-02,705.6785888671875
2025-01-03,713.6435546875
2025-01-04,713.8411865234375
2025-01-05,709.25830078125
2025-01-06,729.4000854492188
2025-01-07,697.368896484375
2025-01-08,695.837158203125
2025-01-09,685.1207275390625
2025-01-10,693.6244506835938
2025-01-11,696.6578369140625
2025-01-12,693.0482788085938
2025-01-13,688.2675170898438
2025-01-14,698.6196899414062
2025-01-15,714.0284423828125
2025-01-16,708.2980346679688
2025-01-17,721.75048828125
2025-01-18,709.4249877929688
2025-01-19,682.2039794921875
2025-01-20,681.8033447265625
2025-01-21,691.8165893554688
2025-01-22,694.9832153320312
2025-01-23,690.2037353515625
2025-01-24,680.2131958007812
2025-01-25,686.2684936523438
2025-01-26,666.7637939453125
2025-01-27,679.7933349609375
2025-01-28,661.424560546875
2025-01-29,667.6857299804688
2025-01-30,677.5535888671875
2025-01-31,677.3753662109375
2025-02-01,653.4329223632812
2025-02-02,617.6006469726562
2025-02-03,617.1207885742188
2025-02-04,573.3278198242188
2025-02-05,569.7468872070312
2025-02-06,572.2740478515625
2025-02-07,578.0668334960938
2025-02-08,613.32421875
2025-02-09,616.64208984375
2025-02-10,618.3145141601562
2025-02-11,642.5872802734375
2025-02-12,698.037353515625
2025-02-13,668.2775268554688
2025-02-14,658.0436401367188
2025-02-15,662.3276977539062
2025-02-16,674.100830078125
2025-02-17,667.2290649414062
2025-02-18,647.443359375
2025-02-19,653.5147094726562
2025-02-20,657.2009887695312
2025-02-21,646.8995361328125
2025-02-22,668.5747680664062
2025-02-23,657.9036865234375
2025-02-24,613.9630126953125
2025-02-25,622.9407958984375
2025-02-26,610.6930541992188
2025-02-27,605.1236572265625
2025-02-28,587.4515991210938
2025-03-01,607.5115356445312
2025-03-02,622.9360961914062
2025-03-03,575.1699829101562
2025-03-04,583.5868530273438
2025-03-05,597.975830078125
2025-03-06,596.7237548828125
2025-03-07,593.96337890625
2025-03-08,593.0808715820312
2025-03-09,554.5804443359375
2025-03-10,532.1218872070312
2025-03-11,551.4745483398438
2025-03-12,569.8948364257812
2025-03-13,579.2188110351562
2025-03-14,587.1362915039062
2025-03-15,619.486083984375
2025-03-16,602.2166137695312
2025-03-17,631.3626098632812
2025-03-18,628.1344604492188
2025-03-19,619.2575073242188
2025-03-20,629.9424438476562
2025-03-21,634.6077880859375
2025-03-22,626.5744018554688
2025-03-23,623.3494873046875
2025-03-24,636.64453125
2025-03-25,629.94287109375
2025-03-26,617.8167724609375
2025-03-27,637.2069702148438
2025-03-28,619.4749145507812
2025-03-29,603.2378540039062
2025-03-30,601.8302001953125
2025-03-31,605.0728149414062
2025-04-01,611.297119140625
2025-04-02,590.6375732421875
2025-04-03,592.1244506835938
2025-04-04,597.5794067382812
2025-04-05,593.1148681640625
2025-04-06,554.5949096679688
2025-04-07,554.4833984375
2025-04-08,553.4674072265625
2025-04-09,582.3693237304688
2025-04-10,577.4059448242188
2025-04-11,586.0889892578125
2025-04-12,597.123046875
2025-04-13,584.04248046875
2025-04-14,584.335205078125
2025-04-15,579.68603515625
2025-04-16,582.8062133789062
2025-04-17,590.1621704101562
2025-04-18,591.7638549804688
2025-04-19,591.7767944335938
2025-04-20,592.972412109375
2025-04-21,597.4141845703125
2025-04-22,618.8269653320312
2025-04-23,605.8150024414062
2025-04-24,601.7158203125
2025-04-25,600.1810302734375
2025-04-26,607.7041015625
2025-04-27,603.6184692382812
2025-04-28,606.364990234375
2025-04-29,601.0289916992188
2025-04-30,599.6817016601562
2025-05-01,599.918212890625
2025-05-02,601.1641845703125
2025-05-03,599.3313598632812
2025-05-04,585.9950561523438
2025-05-05,597.6897583007812
2025-05-06,602.473876953125
2025-05-07,603.2796630859375
2025-05-08,628.6634521484375
2025-05-09,666.8784790039062
2025-05-10,663.6172485351562
2025-05-11,650.6254272460938
2025-05-12,660.4843139648438
2025-05-13,665.570556640625
2025-05-14,652.571044921875
2025-05-15,651.2642211914062
2025-05-16,646.3213500976562
2025-05-17,639.618896484375
2025-05-18,652.164306640625
2025-05-19,649.8529052734375
2025-05-20,650.330810546875
2025-05-21,673.1486206054688
2025-05-22,686.2356567382812
2025-05-23,656.231689453125
2025-05-24,668.3065185546875
2025-05-25,669.9168701171875
2025-05-26,674.3926391601562
2025-05-27,687.1594848632812
2025-05-28,687.405517578125
2025-05-29,675.1721801757812
2025-05-30,655.482177734375
2025-05-31,658.5012817382812
2025-06-01,660.9917602539062
2025-06-02,666.5907592773438
2025-06-03,661.6989135742188
2025-06-04,663.706298828125
2025-06-05,634.0535888671875
2025-06-06,643.4342041015625
2025-06-07,651.1504516601562
2025-06-08,652.1478271484375
2025-06-09,665.9540405273438
2025-06-10,673.6104736328125
2025-06-11,667.6690673828125
2025-06-12,656.2438354492188
2025-06-13,655.2557373046875
2025-06-14,645.9127807617188
2025-06-15,648.28076171875
2025-06-16,650.9617309570312
2025-06-17,648.5108032226562
2025-06-18,644.8067626953125
2025-06-19,644.6807250976562
2025-06-20,641.784423828125
2025-06-21,628.7478637695312
2025-06-22,615.99462890625
2025-06-23,641.2962036132812
2025-06-24,643.7371826171875
2025-06-25,645.9231567382812
2025-06-26,642.4142456054688
2025-06-27,646.1536254882812
2025-06-28,648.7504272460938
2025-06-29,655.0361938476562
2025-06-30,657.0253295898438
2025-07-01,646.39794921875
2025-07-02,660.0572509765625
2025-07-03,663.3231201171875
2025-07-04,653.739501953125
2025-07-05,656.1428833007812
2025-07-06,663.0889892578125
2025-07-07,661.0181884765625
